{"actions":[],"apps":[{"acl":{"app":[],"field":[],"record":[]},"app":null,"category":{"categories":[],"useCategory":"false"},"form":{"layout":"[{\"id\":null,\"type\":\"ROW\",\"isSubTable\":false,\"var\":null,\"controlList\":[{\"isVirtical\":true,\"styleMap\":{\"width\":120},\"type\":\"CREATED_AT\",\"var\":\"dateTime\",\"label\":\"注文日時\"},{\"isVirtical\":true,\"styleMap\":{\"width\":142},\"type\":\"SINGLE_SELECT\",\"var\":\"prefecture\",\"label\":\"都道府県\"},{\"isVirtical\":true,\"styleMap\":{\"width\":323},\"type\":\"SINGLE_LINE_TEXT\",\"var\":\"address\",\"label\":\"住所\"},{\"isVirtical\":true,\"styleMap\":{\"width\":193},\"type\":\"SINGLE_LINE_TEXT\",\"var\":\"fullName\",\"label\":\"氏名\"}]},{\"id\":\"5125607\",\"type\":\"SUBTABLE\",\"isSubTable\":true,\"var\":\"Details\",\"controlList\":[{\"isVirtical\":true,\"styleMap\":{\"width\":145},\"type\":\"SINGLE_LINE_TEXT\",\"var\":\"code\",\"label\":\"商品コード\"},{\"isVirtical\":true,\"styleMap\":{\"width\":193},\"type\":\"SINGLE_LINE_TEXT\",\"var\":\"name\",\"label\":\"商品名\"},{\"isVirtical\":true,\"styleMap\":{\"width\":119},\"type\":\"DECIMAL\",\"var\":\"unitPrice\",\"label\":\"単価\"},{\"isVirtical\":true,\"styleMap\":{\"width\":80},\"type\":\"DECIMAL\",\"var\":\"number\",\"label\":\"個数\"},{\"isVirtical\":true,\"styleMap\":{\"width\":158},\"type\":\"CALC\",\"var\":\"price\",\"label\":\"金額\"}]},{\"id\":null,\"type\":\"ROW\",\"isSubTable\":false,\"var\":null,\"controlList\":[{\"isVirtical\":true,\"styleMap\":{\"width\":193},\"type\":\"CALC\",\"var\":\"totalPrice\",\"label\":\"合計金額\"}]}]","revision":null},"iconMeta":null,"info":{"code":null,"decimalPrecision":"16","decimalScale":"4","description":"\u003Cdiv\u003Eオンラインショッピングサイトの受注を管理するアプリ。\u003Cbr /\u003E\u003C/div\u003E","enableBulkDeletion":"false","fiscalYearStartMonth":"4","iconKey":"APP58","iconType":"PRESET","jsFiles":null,"jsScope":"ALL","name":"受注管理","roundingMode":"HALF_EVEN","theme":"PLAIN","titleComponentLocalId":null,"useComment":"true","useHistory":"true","useThumbnail":"true"},"jsFiles":[],"notification":{"appNotifications":[{"events":["RECORD_COMMENT_ADDED"],"target":{"entityId":"5125595","entityType":"FIELD_ENTITY","includeSubs":"false"}},{"events":["RECORD_COMMENT_ADDED"],"target":{"entityId":"5125596","entityType":"FIELD_ENTITY","includeSubs":"false"}}],"recordNotifications":[],"reminderTimezone":null,"reminders":[],"useComment":"true","useReminder":"false"},"plugin":{"pluginIds":[]},"reports":[],"resource":{"tables":[{"rows":[{"fields":[],"objectId":"0","subObjectId":"-1"}],"type":"AppName"},{"rows":[{"fields":[],"objectId":"0","subObjectId":"-1"}],"type":"AppDescription"},{"rows":[{"fields":[],"objectId":"5125594","subObjectId":"-1"},{"fields":[],"objectId":"5125595","subObjectId":"-1"},{"fields":[],"objectId":"5125596","subObjectId":"-1"},{"fields":[],"objectId":"5125597","subObjectId":"-1"},{"fields":[],"objectId":"5125598","subObjectId":"-1"},{"fields":[],"objectId":"5125599","subObjectId":"-1"},{"fields":[],"objectId":"5125600","subObjectId":"-1"},{"fields":[],"objectId":"5125601","subObjectId":"-1"},{"fields":[],"objectId":"5125607","subObjectId":"-1"},{"fields":[],"objectId":"5125602","subObjectId":"-1"},{"fields":[],"objectId":"5125603","subObjectId":"-1"},{"fields":[],"objectId":"5125604","subObjectId":"-1"},{"fields":[],"objectId":"5125605","subObjectId":"-1"},{"fields":[],"objectId":"5125606","subObjectId":"-1"},{"fields":[],"objectId":"5125608","subObjectId":"-1"},{"fields":[],"objectId":"5125609","subObjectId":"-1"},{"fields":[],"objectId":"5125613","subObjectId":"-1"},{"fields":[],"objectId":"5125616","subObjectId":"-1"},{"fields":[],"objectId":"5125616","subObjectId":"5125614"},{"fields":[],"objectId":"5125616","subObjectId":"5125615"},{"fields":[],"objectId":"5125616","subObjectId":"5125617"},{"fields":[],"objectId":"5125616","subObjectId":"5125618"},{"fields":[],"objectId":"5125616","subObjectId":"5125619"},{"fields":[],"objectId":"5125616","subObjectId":"5125620"},{"fields":[],"objectId":"5125616","subObjectId":"5125621"},{"fields":[],"objectId":"5125616","subObjectId":"5125622"},{"fields":[],"objectId":"5125616","subObjectId":"5125623"},{"fields":[],"objectId":"5125616","subObjectId":"5125624"},{"fields":[],"objectId":"5125616","subObjectId":"5125625"},{"fields":[],"objectId":"5125616","subObjectId":"5125626"},{"fields":[],"objectId":"5125616","subObjectId":"5125627"},{"fields":[],"objectId":"5125616","subObjectId":"5125628"},{"fields":[],"objectId":"5125616","subObjectId":"5125629"},{"fields":[],"objectId":"5125616","subObjectId":"5125630"},{"fields":[],"objectId":"5125616","subObjectId":"5125631"},{"fields":[],"objectId":"5125616","subObjectId":"5125632"},{"fields":[],"objectId":"5125616","subObjectId":"5125633"},{"fields":[],"objectId":"5125616","subObjectId":"5125634"},{"fields":[],"objectId":"5125616","subObjectId":"5125635"},{"fields":[],"objectId":"5125616","subObjectId":"5125636"},{"fields":[],"objectId":"5125616","subObjectId":"5125637"},{"fields":[],"objectId":"5125616","subObjectId":"5125638"},{"fields":[],"objectId":"5125616","subObjectId":"5125639"},{"fields":[],"objectId":"5125616","subObjectId":"5125640"},{"fields":[],"objectId":"5125616","subObjectId":"5125641"},{"fields":[],"objectId":"5125616","subObjectId":"5125642"},{"fields":[],"objectId":"5125616","subObjectId":"5125643"},{"fields":[],"objectId":"5125616","subObjectId":"5125644"},{"fields":[],"objectId":"5125616","subObjectId":"5125645"},{"fields":[],"objectId":"5125616","subObjectId":"5125646"},{"fields":[],"objectId":"5125616","subObjectId":"5125647"},{"fields":[],"objectId":"5125616","subObjectId":"5125648"},{"fields":[],"objectId":"5125616","subObjectId":"5125649"},{"fields":[],"objectId":"5125616","subObjectId":"5125650"},{"fields":[],"objectId":"5125616","subObjectId":"5125651"},{"fields":[],"objectId":"5125616","subObjectId":"5125652"},{"fields":[],"objectId":"5125616","subObjectId":"5125653"},{"fields":[],"objectId":"5125616","subObjectId":"5125654"},{"fields":[],"objectId":"5125616","subObjectId":"5125655"},{"fields":[],"objectId":"5125616","subObjectId":"5125656"},{"fields":[],"objectId":"5125616","subObjectId":"5125657"},{"fields":[],"objectId":"5125616","subObjectId":"5125658"},{"fields":[],"objectId":"5125616","subObjectId":"5125659"},{"fields":[],"objectId":"5125616","subObjectId":"5125660"},{"fields":[],"objectId":"5125616","subObjectId":"5125661"}],"type":"FieldLabel"},{"rows":[{"fields":[],"objectId":"5125611","subObjectId":"-1"},{"fields":[],"objectId":"20","subObjectId":"-1"}],"type":"ViewName"}]},"schema":{"groups":[],"revision":null,"subTable":{"5125607":{"fieldList":{"5125602":{"id":"5125602","label":"商品コード","properties":{"defaultValue":"","expression":"","hideExpression":"false","max":null,"min":null,"noLabel":"false","required":"true","unique":"false"},"type":"SINGLE_LINE_TEXT","var":"code"},"5125603":{"id":"5125603","label":"商品名","properties":{"defaultValue":"","expression":"","hideExpression":"false","max":null,"min":null,"noLabel":"false","required":"true","unique":"false"},"type":"SINGLE_LINE_TEXT","var":"name"},"5125604":{"id":"5125604","label":"単価","properties":{"defaultValue":null,"digit":"false","displayScale":null,"max":null,"min":null,"noLabel":"false","required":"true","roundingMode":null,"scale":null,"unique":"false","unit":"\\","unitPosition":"BEFORE"},"type":"DECIMAL","var":"unitPrice"},"5125605":{"id":"5125605","label":"個数","properties":{"defaultValue":null,"digit":"false","displayScale":null,"max":null,"min":null,"noLabel":"false","required":"true","roundingMode":null,"scale":null,"unique":"false","unit":"","unitPosition":"BEFORE"},"type":"DECIMAL","var":"number"},"5125606":{"id":"5125606","label":"金額","properties":{"displayScale":null,"expression":"unitPrice * number","format":"NUMBER_DIGIT","hideExpression":"true","noLabel":"false","required":"false","roundingMode":null,"scale":null,"unit":"\\","unitPosition":"BEFORE"},"type":"CALC","var":"price"}},"id":"5125607","label":"Details","var":"Details"}},"table":{"fieldList":{"5125594":{"id":"5125594","label":"レコード番号","properties":{"noLabel":"false","required":"true"},"type":"RECORD_ID","var":"レコード番号"},"5125595":{"id":"5125595","label":"更新者","properties":{"noLabel":"false","required":"true"},"type":"MODIFIER","var":"更新者"},"5125596":{"id":"5125596","label":"作成者","properties":{"noLabel":"false","required":"true"},"type":"CREATOR","var":"作成者"},"5125597":{"id":"5125597","label":"更新日時","properties":{"noLabel":"false","required":"true"},"type":"MODIFIED_AT","var":"更新日時"},"5125598":{"id":"5125598","label":"注文日時","properties":{"noLabel":"false","required":"true"},"type":"CREATED_AT","var":"dateTime"},"5125599":{"id":"5125599","label":"ステータス","properties":{"noLabel":"false","required":"false"},"type":"STATUS","var":"ステータス"},"5125600":{"id":"5125600","label":"作業者","properties":{"noLabel":"false","required":"false"},"type":"STATUS_ASSIGNEE","var":"作業者"},"5125601":{"id":"5125601","label":"カテゴリー","properties":{"noLabel":"false","required":"false"},"type":"CATEGORY","var":"カテゴリー"},"5125608":{"id":"5125608","label":"住所","properties":{"defaultValue":"","expression":"","hideExpression":"false","max":null,"min":null,"noLabel":"false","required":"true","unique":"false"},"type":"SINGLE_LINE_TEXT","var":"address"},"5125609":{"id":"5125609","label":"氏名","properties":{"defaultValue":"","expression":"","hideExpression":"false","max":null,"min":null,"noLabel":"false","required":"true","unique":"false"},"type":"SINGLE_LINE_TEXT","var":"fullName"},"5125613":{"id":"5125613","label":"合計金額","properties":{"displayScale":null,"expression":"SUM(price)","format":"NUMBER_DIGIT","hideExpression":"true","noLabel":"false","required":"false","roundingMode":null,"scale":null,"unit":"\\","unitPosition":"BEFORE"},"type":"CALC","var":"totalPrice"},"5125616":{"id":"5125616","label":"都道府県","properties":{"defaultValue":null,"noLabel":"false","options":[{"id":"5125614","label":"北海道","valid":true},{"id":"5125615","label":"青森県","valid":true},{"id":"5125617","label":"岩手県","valid":true},{"id":"5125618","label":"宮城県","valid":true},{"id":"5125619","label":"秋田県","valid":true},{"id":"5125620","label":"山形県","valid":true},{"id":"5125621","label":"福島県","valid":true},{"id":"5125622","label":"茨城県","valid":true},{"id":"5125623","label":"栃木県","valid":true},{"id":"5125624","label":"群馬県","valid":true},{"id":"5125625","label":"埼玉県","valid":true},{"id":"5125626","label":"千葉県","valid":true},{"id":"5125627","label":"東京都","valid":true},{"id":"5125628","label":"神奈川県","valid":true},{"id":"5125629","label":"新潟県","valid":true},{"id":"5125630","label":"富山県","valid":true},{"id":"5125631","label":"石川県","valid":true},{"id":"5125632","label":"福井県","valid":true},{"id":"5125633","label":"山梨県","valid":true},{"id":"5125634","label":"長野県","valid":true},{"id":"5125635","label":"岐阜県","valid":true},{"id":"5125636","label":"静岡県","valid":true},{"id":"5125637","label":"愛知県","valid":true},{"id":"5125638","label":"三重県","valid":true},{"id":"5125639","label":"滋賀県","valid":true},{"id":"5125640","label":"京都府","valid":true},{"id":"5125641","label":"大阪府","valid":true},{"id":"5125642","label":"兵庫県","valid":true},{"id":"5125643","label":"奈良県","valid":true},{"id":"5125644","label":"和歌山県","valid":true},{"id":"5125645","label":"鳥取県","valid":true},{"id":"5125646","label":"島根県","valid":true},{"id":"5125647","label":"岡山県","valid":true},{"id":"5125648","label":"広島県","valid":true},{"id":"5125649","label":"山口県","valid":true},{"id":"5125650","label":"徳島県","valid":true},{"id":"5125651","label":"香川県","valid":true},{"id":"5125652","label":"愛媛県","valid":true},{"id":"5125653","label":"高知県","valid":true},{"id":"5125654","label":"福岡県","valid":true},{"id":"5125655","label":"佐賀県","valid":true},{"id":"5125656","label":"長崎県","valid":true},{"id":"5125657","label":"熊本県","valid":true},{"id":"5125658","label":"大分県","valid":true},{"id":"5125659","label":"宮崎県","valid":true},{"id":"5125660","label":"鹿児島県","valid":true},{"id":"5125661","label":"沖縄県","valid":true}],"required":"true"},"type":"SINGLE_SELECT","var":"prefecture"}},"id":"1","label":"__ROOT__","var":"__ROOT__"}},"status":{"actions":[],"filters":[],"initialStateId":null,"states":[],"useStatus":"false"},"uuid":"926a7262-bb11-4304-8b57-76c659228c49","views":[{"advancedMode":"false","builtinType":null,"fields":[{"row":[{"id":"5125598"},{"id":"5125616"},{"id":"5125608"},{"id":"5125609"},{"id":"5125613"}]}],"filter":{"category":null,"offset":null,"order":["DESC"],"q":null,"size":null,"sort":["f5125594"]},"html":null,"keyFieldId":null,"name":"受注一覧","pager":null,"revision":null,"titleFieldId":null,"view":"5125611","viewType":"LIST"},{"advancedMode":null,"builtinType":"ALL","fields":[{"row":[{"id":"5125594"},{"id":"5125608"},{"id":"5125609"},{"id":"5125613"},{"id":"5125616"}]}],"filter":{"category":null,"offset":null,"order":[],"q":null,"size":null,"sort":[]},"html":null,"keyFieldId":null,"name":"（すべて）","pager":null,"revision":null,"titleFieldId":null,"view":"20","viewType":"LIST"}]},{"acl":{"app":[],"field":[],"record":[]},"app":null,"category":{"categories":[],"useCategory":"false"},"form":{"layout":"[{\"id\":null,\"type\":\"ROW\",\"isSubTable\":false,\"var\":null,\"controlList\":[{\"isVirtical\":true,\"styleMap\":{\"width\":193},\"type\":\"SINGLE_LINE_TEXT\",\"var\":\"code\",\"label\":\"商品コード\"},{\"isVirtical\":true,\"styleMap\":{\"width\":193},\"type\":\"SINGLE_LINE_TEXT\",\"var\":\"name\",\"label\":\"商品名\"},{\"isVirtical\":true,\"styleMap\":{\"width\":193},\"type\":\"DECIMAL\",\"var\":\"price\",\"label\":\"金額\"},{\"isVirtical\":true,\"styleMap\":{\"width\":193},\"type\":\"SINGLE_LINE_TEXT\",\"var\":\"imageUri\",\"label\":\"画像 URI\"}]}]","revision":null},"iconMeta":null,"info":{"code":null,"decimalPrecision":"16","decimalScale":"4","description":"\u003Cdiv\u003Eオンラインショッピングサイトの商品を管理します。\u003Cbr /\u003E\u003C/div\u003E","enableBulkDeletion":"false","fiscalYearStartMonth":"4","iconKey":"APP48","iconType":"PRESET","jsFiles":null,"jsScope":"ALL","name":"商品管理","roundingMode":"HALF_EVEN","theme":"PLAIN","titleComponentLocalId":null,"useComment":"true","useHistory":"true","useThumbnail":"true"},"jsFiles":[],"notification":{"appNotifications":[{"events":["RECORD_COMMENT_ADDED"],"target":{"entityId":"7319","entityType":"FIELD_ENTITY","includeSubs":"false"}},{"events":["RECORD_COMMENT_ADDED"],"target":{"entityId":"7320","entityType":"FIELD_ENTITY","includeSubs":"false"}}],"recordNotifications":[],"reminderTimezone":null,"reminders":[],"useComment":"true","useReminder":"false"},"plugin":{"pluginIds":[]},"reports":[],"resource":{"tables":[{"rows":[{"fields":[],"objectId":"0","subObjectId":"-1"}],"type":"AppName"},{"rows":[{"fields":[],"objectId":"0","subObjectId":"-1"}],"type":"AppDescription"},{"rows":[{"fields":[],"objectId":"7318","subObjectId":"-1"},{"fields":[],"objectId":"7319","subObjectId":"-1"},{"fields":[],"objectId":"7320","subObjectId":"-1"},{"fields":[],"objectId":"7321","subObjectId":"-1"},{"fields":[],"objectId":"7322","subObjectId":"-1"},{"fields":[],"objectId":"7323","subObjectId":"-1"},{"fields":[],"objectId":"7324","subObjectId":"-1"},{"fields":[],"objectId":"7325","subObjectId":"-1"},{"fields":[],"objectId":"7326","subObjectId":"-1"},{"fields":[],"objectId":"7327","subObjectId":"-1"},{"fields":[],"objectId":"7328","subObjectId":"-1"},{"fields":[],"objectId":"7329","subObjectId":"-1"}],"type":"FieldLabel"},{"rows":[{"fields":[],"objectId":"7331","subObjectId":"-1"},{"fields":[],"objectId":"20","subObjectId":"-1"}],"type":"ViewName"}]},"schema":{"groups":[],"revision":null,"subTable":{},"table":{"fieldList":{"7318":{"id":"7318","label":"レコード番号","properties":{"noLabel":"false","required":"true"},"type":"RECORD_ID","var":"レコード番号"},"7319":{"id":"7319","label":"更新者","properties":{"noLabel":"false","required":"true"},"type":"MODIFIER","var":"更新者"},"7320":{"id":"7320","label":"作成者","properties":{"noLabel":"false","required":"true"},"type":"CREATOR","var":"作成者"},"7321":{"id":"7321","label":"更新日時","properties":{"noLabel":"false","required":"true"},"type":"MODIFIED_AT","var":"更新日時"},"7322":{"id":"7322","label":"作成日時","properties":{"noLabel":"false","required":"true"},"type":"CREATED_AT","var":"作成日時"},"7323":{"id":"7323","label":"ステータス","properties":{"noLabel":"false","required":"false"},"type":"STATUS","var":"ステータス"},"7324":{"id":"7324","label":"作業者","properties":{"noLabel":"false","required":"false"},"type":"STATUS_ASSIGNEE","var":"作業者"},"7325":{"id":"7325","label":"カテゴリー","properties":{"noLabel":"false","required":"false"},"type":"CATEGORY","var":"カテゴリー"},"7326":{"id":"7326","label":"商品コード","properties":{"defaultValue":"","expression":"","hideExpression":"false","max":"64","min":null,"noLabel":"false","required":"true","unique":"true"},"type":"SINGLE_LINE_TEXT","var":"code"},"7327":{"id":"7327","label":"商品名","properties":{"defaultValue":"","expression":"","hideExpression":"false","max":null,"min":null,"noLabel":"false","required":"true","unique":"false"},"type":"SINGLE_LINE_TEXT","var":"name"},"7328":{"id":"7328","label":"金額","properties":{"defaultValue":null,"digit":"false","displayScale":null,"max":null,"min":null,"noLabel":"false","required":"true","roundingMode":null,"scale":null,"unique":"false","unit":"\\","unitPosition":"BEFORE"},"type":"DECIMAL","var":"price"},"7329":{"id":"7329","label":"画像 URI","properties":{"defaultValue":"","expression":"","hideExpression":"false","max":null,"min":null,"noLabel":"false","required":"false","unique":"false"},"type":"SINGLE_LINE_TEXT","var":"imageUri"}},"id":"1","label":"__ROOT__","var":"__ROOT__"}},"status":{"actions":[],"filters":[],"initialStateId":null,"states":[],"useStatus":"false"},"uuid":"8c3d1362-4aee-4037-b3e6-5d9b885687cb","views":[{"advancedMode":"false","builtinType":null,"fields":[{"row":[{"id":"7318"},{"id":"7326"},{"id":"7327"},{"id":"7328"},{"id":"7329"}]}],"filter":{"category":null,"offset":null,"order":["DESC"],"q":null,"size":null,"sort":["f7318"]},"html":null,"keyFieldId":null,"name":"商品一覧","pager":null,"revision":null,"titleFieldId":null,"view":"7331","viewType":"LIST"},{"advancedMode":null,"builtinType":"ALL","fields":[{"row":[{"id":"7318"},{"id":"7326"},{"id":"7327"},{"id":"7328"},{"id":"7329"}]}],"filter":{"category":null,"offset":null,"order":[],"q":null,"size":null,"sort":[]},"html":null,"keyFieldId":null,"name":"（すべて）","pager":null,"revision":null,"titleFieldId":null,"view":"20","viewType":"LIST"}]}],"description":"オンラインショッピングハンズオンのアプリ。","iconKey":"APP58","iconMeta":null,"iconSrcAppId":"926a7262-bb11-4304-8b57-76c659228c49","iconType":"PRESET","imagesMeta":[],"lookups":[],"name":"オンラインショッピング","references":[],"version":"16"}